"ingredient.group","ingredient.subgroup","ingredient"
"Bottle","Absinthe","House Absinthe"
"Bottle","Absinthe","Pernod Anise"
"Bottle","Aquavit","House Aquavit"
"Bottle","Aquavit","Krogstad Aquavit"
"Bottle","Aquavit-Cranberry","New York White Cranberry Aquavit"
"Bottle","Beer-Ale","London Pride Ale"
"Bottle","Beer-Amber","Bass"
"Bottle","Beer-Amber","Dogfish Head Indian Brown Ale"
"Bottle","Beer-Amber","House Amber Ale"
"Bottle","Beer-Amber","Modelo Especial"
"Bottle","Beer-Amber","Negra Modelo"
"Bottle","Beer-Belgian","House Strong Belgian Ale"
"Bottle","Beer-Cherry","House Belgian Cherry (Kriek) Ale"
"Bottle","Beer-IPA","House IPA "
"Bottle","Beer-IPA","West Coast Green Flash IPA"
"Bottle","Beer-Lager","Victoria Beer"
"Bottle","Beer-Pale Ale","House Pale Ale"
"Bottle","Beer-Saison","House Saison"
"Bottle","Beer-Schwarzbier","Krusovice Cerne"
"Bottle","Beer-Stout","Guinness"
"Bottle","Beer-Stout","House Stout"
"Bottle","Bitters-Apple","House Apple Bitters"
"Bottle","Bitters-Aromatic","Angostura Aromatic Bitters"
"Bottle","Bitters-Aromatic","Brooklyn Hemispherical Black Mission Fig Bitters"
"Bottle","Bitters-Aromatic","Fee Brothers Barrel-Aged Old-Fashioned Bitters"
"Bottle","Bitters-Aromatic","Fee Brothers Old-Fashioned Bitters"
"Bottle","Bitters-Aromatic","House Aromatic Bitters"
"Bottle","Bitters-Celery","House Celery Bitters"
"Bottle","Bitters-Citrus","Hella Bitter Citrus Bitters"
"Bottle","Bitters-Creole","Peychaud's Bitters"
"Bottle","Bitters-Creole","Peychaud’s Bitters"
"Bottle","Bitters-Grapefruit","Fee Brothers Grapefruit Bitters"
"Bottle","Bitters-Grapefruit","House Grapefruit Bitters"
"Bottle","Bitters-Habañero","House Habañero Bitters"
"Bottle","Bitters-Lavender","Scrappy's Lavender Bitters"
"Bottle","Bitters-Mole","Bittermens Xocolatl Mole Bitters"
"Bottle","Bitters-Orange","Angostura Orange Bitters"
"Bottle","Bitters-Orange","House Orange Bitters"
"Bottle","Bitters-Orange","Regan’s Orange Bitters"
"Bottle","Bitters-Peach","Fee Brothers Peach Bitters"
"Bottle","Brandy-Apple","Applejack"
"Bottle","Brandy-Apple","Calvados"
"Bottle","Brandy-Apple","House Apple Brandy"
"Bottle","Brandy-Apple","Laird's Bonded Apple Brandy"
"Bottle","Brandy-Berry","House Berry Brandy"
"Bottle","Brandy-Cherry","Clear Creek Kirschwasser"
"Bottle","Brandy-Cherry","House Cherry Brandy"
"Bottle","Brandy-Grape","Blanche Armagnac"
"Bottle","Brandy-Grape","Courvoisier V.S."
"Bottle","Brandy-Grape","Courvoisier"
"Bottle","Brandy-Grape","Gran Duque d'Alba Brandy de Jerez"
"Bottle","Brandy-Grape","Hennessy X.O."
"Bottle","Brandy-Grape","Hennessy"
"Bottle","Brandy-Grape","House Armagnac"
"Bottle","Brandy-Grape","House Brandy"
"Bottle","Brandy-Grape","House Cognac"
"Bottle","Brandy-Grape","House Pisco"
"Bottle","Brandy-Grape","House Spanish Brandy"
"Bottle","Brandy-Grape","House V.S."
"Bottle","Brandy-Grape","House V.S.O.P."
"Bottle","Brandy-Grape","Pierre Ferrand 1840 Cognac"
"Bottle","Brandy-Peach","Peach Brandy"
"Bottle","Brandy-Pear","Poire William Pear Brandy"
"Bottle","Fortified Wine-Madeira","Madeira"
"Bottle","Gin","House Gin"
"Bottle","Gin-Genever","Genever"
"Bottle","Gin-London Dry","Beefeater Gin"
"Bottle","Gin-London Dry","Bombay Gin"
"Bottle","Gin-London Dry","Gordon’s Gin"
"Bottle","Gin-London Dry","House London Dry Gin"
"Bottle","Gin-London Dry","Oxley Gin"
"Bottle","Gin-New Style","Bluecoat Gin"
"Bottle","Gin-New Style","DH Krahn"
"Bottle","Gin-New Style","Dorothy Parker Gin"
"Bottle","Gin-New Style","Hendrick's Gin"
"Bottle","Gin-New Style","Junipero Gin"
"Bottle","Gin-New Style","Nolet's Gin"
"Bottle","Gin-New Style","Perry’s Tot Gin"
"Bottle","Gin-Old Tom","Hayman’s Old Tom Gin"
"Bottle","Gin-Old Tom","Spring 44 Old Tom Gin"
"Bottle","Gin-Plymouth","Plymouth Gin"
"Bottle","Gin-Sloe","Plymouth Sloe Gin"
"Bottle","Hard Cider-Apple","Cider Strongbow English"
"Bottle","Hard Cider-Ice-Apple","Cachée de la Pomme"
"Bottle","Hard Cider-Ice-Apple","Neige Ice Cider"
"Bottle","Liqueur-Allspice","House Allspice Dram"
"Bottle","Liqueur-Allspice","St. Elizabeth Allspice Dram"
"Bottle","Liqueur-Almond","Amaretto di Aronno"
"Bottle","Liqueur-Amaro","Luxardo Amaro Abano"
"Bottle","Liqueur-Amaro","Amaro Averna"
"Bottle","Liqueur-Amaro","Amaro Cardamaro"
"Bottle","Liqueur-Amaro","Amaro Nonino"
"Bottle","Liqueur-Amaro","Amaro Ramazzotti"
"Bottle","Liqueur-Amaro","Aperol"
"Bottle","Liqueur-Amaro","Campari"
"Bottle","Liqueur-Amaro","Cocchi Americano"
"Bottle","Liqueur-Amaro","Cynar"
"Bottle","Liqueur-Amaro","Disaronno"
"Bottle","Liqueur-Amaro","Fernet-Branca"
"Bottle","Liqueur-Amaro","House Amaro"
"Bottle","Liqueur-Amaro","Nardini Acqua di Cedro"
"Bottle","Liqueur-Amaro","Suze"
"Bottle","Liqueur-Anise","Ricard Pastis"
"Bottle","Liqueur-Apple","Apple Berentzen"
"Bottle","Liqueur-Apple","Apple Schnapps"
"Bottle","Liqueur-Apricot","Apry"
"Bottle","Liqueur-Banana","Creme de Banane"
"Bottle","Liqueur-Blackberry","Crème de Mûre"
"Bottle","Liqueur-Chamomile","Grappa & Camomile Marolo Milla"
"Bottle","Liqueur-Cherry","Cherry Heering"
"Bottle","Liqueur-Cherry","Maraschino"
"Bottle","Liqueur-Chocolate","House Dark Crème de Cacao"
"Bottle","Liqueur-Chocolate","House White Crème de Cacao"
"Bottle","Liqueur-Chocolate","Tempus Fugit Crème de Cacao"
"Bottle","Liqueur-Coffee","Galliano"
"Bottle","Liqueur-Cream-Spiced","Kringle Cream"
"Bottle","Liqueur-Currant","Crème de Cassis"
"Bottle","Liqueur-Elderflower","St-Germain"
"Bottle","Liqueur-Gentian","Gentian"
"Bottle","Liqueur-Ginger","Domaine de Canton"
"Bottle","Liqueur-Ginger","House Liqueur Ginger"
"Bottle","Liqueur-Ginger-Spiced","Snap"
"Bottle","Liqueur-Grape","Grappa"
"Bottle","Liqueur-Hazelnut","Frangelico"
"Bottle","Liqueur-Herbal","B&B"
"Bottle","Liqueur-Herbal","Bénédictine"
"Bottle","Liqueur-Herbal","Dolin Génépi"
"Bottle","Liqueur-Herbal","Green Chartreuse"
"Bottle","Liqueur-Herbal","Strega"
"Bottle","Liqueur-Herbal","Yellow Chartreuse"
"Bottle","Liqueur-Hibiscus","Sorel"
"Bottle","Liqueur-Honey","Drambuie"
"Bottle","Liqueur-Honey","Irish Mist"
"Bottle","Liqueur-Mango","Fruja Mango Hiram Walker"
"Bottle","Liqueur-Melon","Melon Midori"
"Bottle","Liqueur-Mint","Brancamenta"
"Bottle","Liqueur-Mint","Wondermint"
"Bottle","Liqueur-Orange","Blue Curaçao"
"Bottle","Liqueur-Orange","Cointreau"
"Bottle","Liqueur-Orange","Gran Gala"
"Bottle","Liqueur-Orange","Grand Marnier 100-Year-Old"
"Bottle","Liqueur-Orange","Grand Marnier"
"Bottle","Liqueur-Orange","House Orange Liqueur"
"Bottle","Liqueur-Orange","Orange Curaçao"
"Bottle","Liqueur-Orange","Orange Torres"
"Bottle","Liqueur-Orange","Pierre Ferrand Dry Curaçao"
"Bottle","Liqueur-Orange","Triple Sec"
"Bottle","Liqueur-Passion Fruit","Alizé"
"Bottle","Liqueur-Peach","Crème de Pêche"
"Bottle","Liqueur-Peach","Leopold Brothers Peach"
"Bottle","Liqueur-Peach","Mathilde Pêche"
"Bottle","Liqueur-Peach","Peach Giffard"
"Bottle","Liqueur-Peach","Peach Schnapps"
"Bottle","Liqueur-Pear","Carneros Pear de Pear"
"Bottle","Liqueur-Pear","House Pear Liqueur"
"Bottle","Liqueur-Pimm's","Pimm’s no. 1"
"Bottle","Liqueur-Pine","House Pine Liqueur"
"Bottle","Liqueur-Raspberry","Chambord Liqueur Royale de France"
"Bottle","Liqueur-Raspberry","Créme de Framboise"
"Bottle","Liqueur-Root","House Root Liqueur"
"Bottle","Liqueur-Tropical","Hpnotiq"
"Bottle","Liqueur-Velvet Falernum","Velvet Falernum"
"Bottle","Liqueur-Wanut","Nocino Watershed"
"Bottle","Liqueur-Whiskey","Southern Comfort"
"Bottle","Mezcal","Del Maguey Tobala"
"Bottle","Mezcal","Del Maguey Vida"
"Bottle","Mezcal","Fidencio Clasico"
"Bottle","Mezcal","House Mezcal"
"Bottle","Mezcal","Ilegal Reposado"
"Bottle","Mezcal","Joven"
"Bottle","Mezcal","Sombra"
"Bottle","Port-Ruby","House Ruby Port"
"Bottle","Port-Tawny","House Tawny Port"
"Bottle","Rum","House Rum"
"Bottle","Rum-Amber","House Amber Rum"
"Bottle","Rum-Cachaça","House Cachaça"
"Bottle","Rum-Cachaça","Oronoco"
"Bottle","Rum-Citrus","Bacardi Limón"
"Bottle","Rum-Dark","House Dark Rum"
"Bottle","Rum-English Style","10 Cane Rum"
"Bottle","Rum-English Style","Gosling's Black Seal"
"Bottle","Rum-English Style","Lemon Hart 151"
"Bottle","Rum-English Style","Lemon Hart Rum"
"Bottle","Rum-Jamaican","Appleton Reserve"
"Bottle","Rum-Jamaican","Appleton v/x"
"Bottle","Rum-Jamaican","Banks 5 Island"
"Bottle","Rum-Jamaican","House Jamaican Rum"
"Bottle","Rum-Jamaican","Smith & Cross"
"Bottle","Rum-Mango","Mango Rum"
"Bottle","Rum-Pineapple","Stiggins' Fancy Pineapple Rum"
"Bottle","Rum-Raspberry","Raspberry-Flavored Rum"
"Bottle","Rum-Rhum Agricole","Neisson Rhum Agricole"
"Bottle","Rum-Rhum Agricole","Rum Aged White Martinique"
"Bottle","Rum-Rhum Agricole","Rum White Haitian"
"Bottle","Rum-Spanish Style","Cruzan 5-year"
"Bottle","Rum-Spanish Style","Cruzan Blackstrap"
"Bottle","Rum-Spanish Style","Diplomático Reserva"
"Bottle","Rum-Spanish Style","Matusalem Platino"
"Bottle","Rum-Spanish Style","Montecristo"
"Bottle","Rum-Spanish Style","Santa Teresa Rum"
"Bottle","Rum-Spanish Style","Zacapa Centenario"
"Bottle","Rum-Spiced","House Spiced Rum"
"Bottle","Rum-White","House White Rum"
"Bottle","Sherry","House Sherry"
"Bottle","Sherry-Amontillado","House Amontillado Sherry"
"Bottle","Sherry-Cream","Harveys Bristol Cream Sherry"
"Bottle","Sherry-Dry","Dry Sack Sherry"
"Bottle","Sherry-Dry","Los Arcos Dry Sherry"
"Bottle","Sherry-Dry","Tio Pepe Dry Sherry"
"Bottle","Sherry-Fino","House Fino Sherry"
"Bottle","Sherry-Manzanilla","Barbadillo Solear Manzanilla Sherry"
"Bottle","Sherry-Manzanilla","House Manzanilla Sherry"
"Bottle","Sherry-Palo Cortado","Lustau Palo Cortado Sherry"
"Bottle","Sherry-Pedro Ximenez","Lustau Pedro Ximenez Sherry"
"Bottle","Tequila","House Tequila"
"Bottle","Tequila-Anejo","House Anejo Tequila"
"Bottle","Tequila-Blanco","Herradura Blanco"
"Bottle","Tequila-Blanco","Herradura Hacienda del Cristero"
"Bottle","Tequila-Blanco","House Blanco Tequila"
"Bottle","Tequila-Jalapeño","Jalapeño-Infused Blanco Tequila"
"Bottle","Tequila-Reposado","Herradura Reposado"
"Bottle","Tequila-Reposado","House Reposado Tequila"
"Bottle","Tequila-Reposado","Milagro Reposado"
"Bottle","Vermouth-Dry","Dolin Dry "
"Bottle","Vermouth-Dry","Dolin Dry"
"Bottle","Vermouth-Dry","House Dry Vermouth"
"Bottle","Vermouth-Dry","Noilly Prat"
"Bottle","Vermouth-Sweet","Carpano Antica"
"Bottle","Vermouth-Sweet","Dolin Rouge"
"Bottle","Vermouth-Sweet","House Sweet Vermouth"
"Bottle","Vermouth-Sweet","Martini & Rossi"
"Bottle","Vermouth-Sweet","Punt e Mes"
"Bottle","Vermouth-Sweet","Vya Sweet Vermouth"
"Bottle","Vodka","Absolut"
"Bottle","Vodka","Ciroc"
"Bottle","Vodka","Grey Goose"
"Bottle","Vodka","House Vodka"
"Bottle","Vodka","Skyy"
"Bottle","Vodka-Basil","Basil-Infused Vodka"
"Bottle","Vodka-Citrus","Absolut Citron"
"Bottle","Vodka-Citrus","Absolut Mandrin"
"Bottle","Vodka-Citrus","House Citrus Vodka"
"Bottle","Vodka-Citrus","Ketel One Citroen"
"Bottle","Vodka-Grape","Grape Cîroc"
"Bottle","Vodka-High Proof","Everclear"
"Bottle","Vodka-High Proof","House High-Proof Vodka"
"Bottle","Vodka-Honey Pepper","Honey Pepper Nemiroff"
"Bottle","Vodka-Horseradish","Horseradish-Infused Vodka"
"Bottle","Vodka-Lemon","House Lemon Vodka"
"Bottle","Vodka-Orange","Orange Stolichnaya"
"Bottle","Vodka-Orange","Stoli Oranj"
"Bottle","Vodka-Pepper","Absolut Peppar"
"Bottle","Vodka-Rasberry","Absolut Raspberri"
"Bottle","Vodka-Vanilla","House Vanilla Vodka"
"Bottle","Whiskey","House Whiskey"
"Bottle","Whiskey-Bourbon","Basil Hayden's"
"Bottle","Whiskey-Bourbon","Bulleit"
"Bottle","Whiskey-Bourbon","Elijah Craig 12-Year"
"Bottle","Whiskey-Bourbon","House Bourbon"
"Bottle","Whiskey-Bourbon","Jim Beam"
"Bottle","Whiskey-Bourbon","Maker's Mark"
"Bottle","Whiskey-Bourbon","Maker’s Mark"
"Bottle","Whiskey-Bourbon","Old Forester"
"Bottle","Whiskey-Canadian","House Canadian Whiskey"
"Bottle","Whiskey-Date","Date-Infused Bourbon Whiskey"
"Bottle","Whiskey-Irish","House Irish Whiskey"
"Bottle","Whiskey-Irish","Powers Gold Label"
"Bottle","Whiskey-Rye","Dad's Hat"
"Bottle","Whiskey-Rye","House Rye"
"Bottle","Whiskey-Rye","Mckenzie"
"Bottle","Whiskey-Rye","Old Overholt"
"Bottle","Whiskey-Rye","Ragtime"
"Bottle","Whiskey-Rye","Rittenhouse 100-Proof"
"Bottle","Whiskey-Rye","Wild Turkey"
"Bottle","Whiskey-Silver","House Unaged Whiskey"
"Bottle","Whisky-Scotch","Ardbeg"
"Bottle","Whisky-Scotch","Bowmore 12"
"Bottle","Whisky-Scotch","Dewar's White Label"
"Bottle","Whisky-Scotch","House Scotch Whisky"
"Bottle","Whisky-Scotch","House Single-Malt Scotch Whisky"
"Bottle","Wine-Apertif","Pineau des Charentes"
"Bottle","Wine-Fortified-Sweet","Muscat de Beaume de Venise"
"Bottle","Wine-Fortified-Red","Byrrh"
"Bottle","Wine-Fortified-White","Lillet Blanc"
"Bottle","Wine-Lambrusco-White","Lini Lambrusco Bianco"
"Bottle","Wine-Red","Brachetto d'Acqui"
"Bottle","Wine-Red","Grappa Nonino Merlot"
"Bottle","Wine-Red","House Cabernet"
"Bottle","Wine-Red","House Cabernet-Merlot"
"Bottle","Wine-Red","House Garnacha"
"Bottle","Wine-Red","House Merlot"
"Bottle","Wine-Red","House Red"
"Bottle","Wine-Red","House Rioja"
"Bottle","Wine-Red","House Spanish Red"
"Bottle","Wine-Red","House Tempranillo"
"Bottle","Wine-Red","House Zinfandel"
"Bottle","Wine-Red","Recioto della Valpolicella"
"Bottle","Wine-Rice","House Sake"
"Bottle","Wine-Rice","Masumi Arabashiri Sake"
"Bottle","Wine-Rice-Plum","Plum Sake"
"Bottle","Wine-Rosé","House Rosé"
"Bottle","Wine-Sparkling","House Cava"
"Bottle","Wine-Sparkling","House Champagne"
"Bottle","Wine-Sparkling","House Dry Sparkling Wine"
"Bottle","Wine-Sparkling","House Prosecco"
"Bottle","Wine-Sparkling","House Sparkling Wine"
"Bottle","Wine-Sparkling","Vouvray Foreau"
"Bottle","Wine-Sparkling-Rosé","House Sparkling Rosé"
"Bottle","Wine-Sparkling-Sweet","House Sparkling Moscato"
"Bottle","Wine-White","Albariño"
"Bottle","Wine-White","House Sauvignon Blanc"
"Bottle","Wine-White","Vernaccia di San Gimignano"
"Bottle","Wine-White","Vin du Bugey"
"Bottle","Wine-White-Dry","House Dry White"
"Bottle","Wine-White-Dry","Jurancon"
"Bottle","Wine-White-Sweet","House Gewürztraminer"
"Bottle","Wine-White-Sweet","House Riesling"
"DROP","DROP","DROP"
"Pantry","Berries-Blackberries","Blackberries"
"Pantry","Berries-Blueberries","Blueberries"
"Pantry","Berries-Cranberries","Cranberries"
"Pantry","Berries-Dried-Currants","Currants Dried"
"Pantry","Berries-Gooseberry","Berries-Gooseberry"
"Pantry","Berries-Mixed","Berries Mixed"
"Pantry","Berries-Raspberries","Raspberries"
"Pantry","Berries-Strawberries","Strawberries"
"Pantry","Cereal-Cheerios-Honey Nut","Honey Nut Cheerios"
"Pantry","Cheese-Goat","Goat Cheese"
"Pantry","Cheese-Mascarpone","Mascarpone"
"Pantry","Cheese-Roquefort","Roquefort Cheese"
"Pantry","Cherries","Cherries"
"Pantry","Cherries-Brandied","Brandied Cherries"
"Pantry","Cherries-Brandied","Luxardo Cherries"
"Pantry","Chilies-Dried-Chiles de Arbol","Chiles de Arbol"
"Pantry","Chilies-Jalapeño","Jalapeño"
"Pantry","Cider-Apple","Apple Cider"
"Pantry","Cider-Apple-Ginger","Ginger-Infused Apple Cider"
"Pantry","Cider-Apple-Sparkling","Sparkling Apple Cider"
"Pantry","Citrus-Blood Orange","Blood Orange"
"Pantry","Citrus-Clementine","Clementine"
"Pantry","Citrus-Grapefruit","Grapefruit"
"Pantry","Citrus-Kumquats","Kumquats"
"Pantry","Citrus-Lemon Peel-Dried","Lemon Peel Dried"
"Pantry","Citrus-Lemon","Lemon"
"Pantry","Citrus-Lemon","Meyer Lemon"
"Pantry","Citrus-Lime","Key Lime"
"Pantry","Citrus-Lime","Lime"
"Pantry","Citrus-Mixed","Mixed Citrus"
"Pantry","Citrus-Orange Peel-Candied","Orange Peel Candied"
"Pantry","Citrus-Orange Peel-Dried","Orange Peel Dried"
"Pantry","Citrus-Orange","Cara Cara Orange"
"Pantry","Citrus-Orange","Orange"
"Pantry","Citrus-Orange","Purée Blood-Orange"
"Pantry","Citrus-Orange","Satsuma"
"Pantry","Citrus-Orange","Tangerine"
"Pantry","Citrus-Sour Mix","Sour Mix"
"Pantry","Coconut-Cream","Coco López Coconut Cream"
"Pantry","Coconut-Milk","Coconut Milk"
"Pantry","Coconut-Purée","Coconut Purée"
"Pantry","Coconut-Water","Coconut Water"
"Pantry","Coffee","Coffee"
"Pantry","Consummé-Beef","Beef Consummé"
"Pantry","Dairy-Cream","Cream"
"Pantry","Dairy-Half and Half","Half-and-Half"
"Pantry","Dairy-Milk","Milk"
"Pantry","Dairy-Milk-Condensed","Condensed Milk"
"Pantry","Egg","Egg"
"Pantry","Coffee-Espresso","Espresso"
"Pantry","Flower-Edible","Edible Flowers"
"Pantry","Flower-Nasturtium","Nasturtium Blossom and Leaf"
"Pantry","Flower-Rose-Petals","Rose Petals"
"Pantry","Flower-Rose-Water","Rose Water"
"Pantry","Flower-Rosebuds-Dried","Rosebuds Dried"
"Pantry","Flower-Rosehips-Dried","Rosehips Dried"
"Pantry","Fruit-Apple","Apple"
"Pantry","Fruit-Apple","Fuji Apple"
"Pantry","Fruit-Apple","Honeycrisp Apple"
"Pantry","Fruit-Apple-Green","Green Apple"
"Pantry","Fruit-Apricot","Apricot"
"Pantry","Fruit-Banana","Frozen Banana"
"Pantry","Fruit-Dates","Dates"
"Pantry","Fruit-Dried-Apricot","Apricot Dried"
"Pantry","Fruit-Dried-Figs","Dried Figs"
"Pantry","Fruit-Dried-Peach","Dried Peach"
"Pantry","Fruit-Dried-Prune","Fruit-Dried-Prune"
"Pantry","Fruit-Dried-Raisins","Raisins"
"Pantry","Fruit-Dried-Raisins-Golden","Golden Raisins"
"Pantry","Fruit-Dried-Raisins-Rum Soaked","Rum Soaked Raisins"
"Pantry","Fruit-Grapes","Grapes"
"Pantry","Fruit-Grapes-Champagne","Grapes Champagne"
"Pantry","Fruit-Grapes-Green","Grapes Green"
"Pantry","Fruit-Grapes-Red","Grapes Red"
"Pantry","Fruit-Litchi","Litchi"
"Pantry","Fruit-Mango","Mango"
"Pantry","Fruit-Mango","Purée Mango"
"Pantry","Fruit-Mixed","Mixed Fruit"
"Pantry","Fruit-Peach","Peach"
"Pantry","Fruit-Peach","White Peach"
"Pantry","Fruit-Pear","Pear"
"Pantry","Fruit-Pineapple","Pineapple"
"Pantry","Fruit-Plum","Plums"
"Pantry","Fruit-Pomegranate","Pomegranate"
"Pantry","Fruit-Seasonal","Seasonal Fruit"
"Pantry","Gelatin","Gelatin Sheets"
"Pantry","Herb-Basil","Basil"
"Pantry","Herb-Basil-Thai","Basil Thai"
"Pantry","Herb-Bay Leaf","Bay Leaf"
"Pantry","Herb-Dill","Dill"
"Pantry","Herb-Lavendar","Lavendar"
"Pantry","Herb-Lemon Balm","Lemon Balm"
"Pantry","Herb-Lemon Verbena","Lemon Verbena"
"Pantry","Herb-Lemongrass","Lemongrass"
"Pantry","Herb-Lovage","Lovage"
"Pantry","Herb-Mint","Mint"
"Pantry","Herb-Mixed","Herbs Mixed"
"Pantry","Herb-Oregano","Oregano"
"Pantry","Herb-Rosemary","Rosemary"
"Pantry","Herb-Spearmint-Extract","Spearmint Extract"
"Pantry","Herb-Thyme","Thyme"
"Pantry","Flower-Hibiscus-Blossom in Syrup","Hibiscus Blossom in Syrup"
"Pantry","Flower-Dried-Hibiscus","Dried Hibiscus"
"Pantry","Honey","Honey"
"Pantry","Candy-Horehound","Horehound Candy Drops"
"Pantry","Herb-Dried-Horhound","Horhound Dried"
"Pantry","Flower-Hyssop","Hyssop Flower"
"Pantry","Ice Cream-Vanilla","Ice Cream Vanilla"
"Pantry","Jam-Apricot","Jam Apricot"
"Pantry","Juice-Apple","Apple Juice"
"Pantry","Juice-Clamato","Juice Clamato"
"Pantry","Juice-Concentrate-Orange","Juice Orange Concentrate"
"Pantry","Juice-Concentrate-Pineapple","Juice Pineapple Concentrate"
"Pantry","Juice-Cran Tangerine","Ocean Spray Cran-Tangerine Juice"
"Pantry","Juice-Cranberry","Cranberry Juice"
"Pantry","Juice-Cranberry-White","White Cranberry Juice"
"Pantry","Juice-Ginger","Ginger Juice"
"Pantry","Juice-Grape","Grape Juice"
"Pantry","Juice-Guanabana","Guanabana Juice"
"Pantry","Juice-Mango","Mango Juice"
"Pantry","Juice-Orange-Concentrate","Orange Juice Concentrate"
"Pantry","Juice-Passion Fruit","Passion Fruit Juice"
"Pantry","Juice-Pineapple","Pineapple Juice"
"Pantry","Juice-Pomegranate","Pomegranate Juice"
"Pantry","Juice-Tomato","Tomato Juice"
"Pantry","Herb-Lemon Grass","Lemon Grass"
"Pantry","Melon-Watermelon","Watermelon"
"Pantry","Mushroom-Candy Cap","Candy Cap Mushrooms"
"Pantry","Olive-Oil","Olive Oil"
"Pantry","Olives","Olives"
"Pantry","Olives-Green","Olives Cerignola"
"Pantry","Olives-Green","Olives Green"
"Pantry","Olives-Green","Olives Spanish Green Queen"
"Pantry","Olives-Mixed","Olives Mixed"
"Pantry","Root-Onion-Red","Onion Red"
"Pantry","Root-Onions-Cocktail","Onions Cocktail"
"Pantry","Orange Flower Water","Orange-Flower Water"
"Pantry","Peanuts-Roasted","Roasted Peanuts"
"Pantry","Peppers-Peppadew","Peppers Peppadew"
"Pantry","Syrup-Plum-Nectar","Plum Nectar"
"Pantry","Syrup-Pomegranate-Molasses","Pomegranate Molasses"
"Pantry","Pork-Cracklings","Pork Cracklings"
"Pantry","Root-Potatoes-Sweet-Canned","Canned Sweet Potatoes"
"Pantry","Powder-Cocoa","Cocoa Powder"
"Pantry","Powder-Hot Chocolate","Hot Chocolate"
"Pantry","Preserves-Apricot","Preserves Apricot"
"Pantry","Preserves-Raspberry","Preserves Raspberry"
"Pantry","Punch-Hawaiian","Hawaiian Punch"
"Pantry","Punch-Watermelon","Watermelon Punch"
"Pantry","Purée-Passion Fruit","Passion Fruit Purée"
"Pantry","Root-Garlic","Garlic"
"Pantry","Root-Ginger","Ginger"
"Pantry","Root-Ginger-Candied","Candied Ginger"
"Pantry","Root-Horseradish","Horseradish"
"Pantry","Root-Shallot","Shallot"
"Pantry","Salt","Course Salt"
"Pantry","Salt","Kosher Salt"
"Pantry","Salt","Salt"
"Pantry","Salt","Sea Salt"
"Pantry","Salt-Celery","Celery Salt"
"Pantry","Salt-Seasoned","Salt Lawry’s Seasoned"
"Pantry","Sauce-Hot-Mexican","Sauce Mexican Hot"
"Pantry","Sauce-Ketchup","Ketchup"
"Pantry","Sauce-Soy","Soy Sauce"
"Pantry","Sauce-Tabasco","Tabasco Sauce"
"Pantry","Sauce-Worcestershire","Worcestershire Sauce"
"Pantry","Soda-Club","Club Soda"
"Pantry","Soda-Cola","Coca-Cola"
"Pantry","Soda-Cola","Cola"
"Pantry","Soda-Cream","Cream Soda"
"Pantry","Soda-Elderflower Cordial","Elderflower Cordial"
"Pantry","Soda-Ginger-Ale","Ginger Ale"
"Pantry","Soda-Ginger-Beer","Ginger Beer"
"Pantry","Soda-Grapefruit","Mexican Squirt Soda"
"Pantry","Soda-Lemon Lime","7up"
"Pantry","Soda-Lemon Lime","Soda Lemon-Lime"
"Pantry","Soda-Lemon Lime","Sprite"
"Pantry","Soda-Malt","Malta"
"Pantry","Soda-Mango","Loco Mango"
"Pantry","Soda-Orange","Orange Soda"
"Pantry","Soda-Red Bull","Red Bull"
"Pantry","Soda-Tonic Water","Tonic Water"
"Pantry","Soda-Water","Seltzer Water"
"Pantry","Soda-Water","Soda Water"
"Pantry","Soda-Water","Sparkling Water"
"Pantry","Sorbet-Lemon","Sorbet Lemon"
"Pantry","Sorbet-Mango","Sorbet Mango"
"Pantry","Sorbet-White Peach","Sorbet White Peach"
"Pantry","Spice-Allspice","Allspice"
"Pantry","Spice-Cardamom","Cardamom"
"Pantry","Spice-Cayenne","Cayenne Pepper"
"Pantry","Spice-Cayenne","Cayenne"
"Pantry","Spice-Celery Seeds","Celery Seeds"
"Pantry","Spice-Chili Powder","Ancho-Chili Powder"
"Pantry","Spice-Chipotle","Chipotle Powder"
"Pantry","Spice-Cinnamon","Cinnamon"
"Pantry","Spice-Cloves","Cloves"
"Pantry","Spice-Coriander","Coriander"
"Pantry","Spice-Grains of Paradise","Grains of Paradise"
"Pantry","Spice-Juiper Berries","Juniper Berries"
"Pantry","Spice-Mace","Mace"
"Pantry","Spice-Mulling","Spices Mulling"
"Pantry","Spice-Nutmeg","Nutmeg"
"Pantry","Spice-Paprika","Hot Hungarian Paprika"
"Pantry","Spice-Pepper-Black","Black Pepper"
"Pantry","Spice-Pepper-Pink","Pink Pepper"
"Pantry","Spice-Red Pepper Flakes","Red Pepper Flakes"
"Pantry","Spice-Saffron","Saffron"
"Pantry","Spice-Star Anise","Star Anise"
"Pantry","Sugar","Demerara Sugar"
"Pantry","Sugar","Sugar Cube"
"Pantry","Sugar","Sugar"
"Pantry","Sugar","Superfine Sugar"
"Pantry","Sugar","Turbinado Sugar"
"Pantry","Sugar-Brown","Dark Brown Sugar"
"Pantry","Sugar-Brown","Light Brown Sugar"
"Pantry","Sugar-Brown","Sugar Brown"
"Pantry","Sugar-Cinnamon","Cinnamon Sugar"
"Pantry","Sugar-Ginger","Sugar Ginger"
"Pantry","Sugar-Powdered","Confectioners' Sugar"
"Pantry","Sugar-Powdered","Confectioners’ Sugar"
"Pantry","Sugar-Powdered","Sugar Powdered"
"Pantry","Syrup-Agave","Agave Syrup"
"Pantry","Syrup-Agave-Nectar","Agave Nectar"
"Pantry","Syrup-Chamomile","Chamomile Syrup"
"Pantry","Syrup-Cinnamon","Cinnamon Syrup"
"Pantry","Syrup-Cinnamon-Burnt","Burnt Cinnamon Syrup"
"Pantry","Syrup-Clementine-Spiced","Spiced Clementine Syrup"
"Pantry","Syrup-Dark Amber","Dark Amber Syrup"
"Pantry","Syrup-Fennel","Fennel Syrup"
"Pantry","Syrup-Ginger","Ginger Syrup"
"Pantry","Syrup-Hibiscus","Hibiscus Syrup"
"Pantry","Syrup-Honey","Honey Syrup"
"Pantry","Syrup-Lemon Grass Ginger","Lemon-Grass Ginger Syrup"
"Pantry","Syrup-Maple","Maple Syrup"
"Pantry","Syrup-Massaman","Massaman Syrup"
"Pantry","Syrup-Orgeat","Orgeat"
"Pantry","Syrup-Peanut Butter","Peanut-Butter Syrup"
"Pantry","Syrup-Pineapple","Pineapple Gum Syrup"
"Pantry","Syrup-Pomegranate","Grenadine"
"Pantry","Syrup-Pomegranate","Pomegranate Syrup"
"Pantry","Syrup-Preserved Lemon","Preserved Lemon Syrup"
"Pantry","Syrup-Raspberry","Monin Raspberry Syrup"
"Pantry","Syrup-Red Wine","Zurra Red Wine Syrup"
"Pantry","Syrup-Rose","Rose Syrup"
"Pantry","Syrup-Rosemary","Rosemary Syrup"
"Pantry","Syrup-Simple","Gomme Syrup"
"Pantry","Syrup-Simple","Simple Syrup"
"Pantry","Syrup-Spiced","Spiced Simple Syrup"
"Pantry","Syrup-Steen's","Steen's Syrup"
"Pantry","Tea-Assam","Assam Tea"
"Pantry","Tea-Chamomile","Chamomile Tisane"
"Pantry","Tea-Damiana-Leaves","Damiana Leaves Dried"
"Pantry","Tea-Elderberry","Elderberry Tea"
"Pantry","Tea-Green-Mint","Mint Green Tea"
"Pantry","Tea-Hibiscus","Hibiscus Tea"
"Pantry","Tea-Oolong","Oolong Tea"
"Pantry","Tea-Sencha","Sencha Tea"
"Pantry","Tincture-Mushroom","Mushroom Tincture"
"Pantry","Truffle-Black","Black Truffle"
"Pantry","Vanilla-Bean","Vanilla Bean"
"Pantry","Vanilla-Extract","Vanilla Extract"
"Pantry","Veggie-Celery","Celery"
"Pantry","Veggie-Cucumber","Cucumber"
"Pantry","Veggie-Rhubarb","Rhubarb"
"Pantry","Veggie-Tomatoes","Heirloom Tomatoes"
"Pantry","Veggie-Tomatoes","Tomatoes"
"Pantry","Veggies-Chives","Chives"
"Pantry","Vinegar-Balsamic","Balsamic Vinegar"
"Pantry","Vinegar-Red","Red Vinegar"
"Pantry","Vinegar-Rice Wine-Seasoned","Seasoned Rice Wine Vinegar "
"Pantry","Vinegar-Sherry","Sherry Vinegar"
"Pantry","Vinegar-White Wine","White Wine Vinegar"
"Pantry","Vinegar-White","White Vinegar"
"Pantry","Dairy-Yogurt","Yogurt"
